<?xml version="1.0" encoding="UTF-8"?>
<deploy xmlns="http://www.apache.org/ode/schemas/dd/2007/03" xmlns:procns="urn:soi:Bpel_JY4W8X:1.0">
	<process name="procns:CinemaAgent">
	<process-events generate="all"/>
	<provide partnerLink="ICinemaAgent">
		<service name="procns:ICinemaAgent" port="ignored"/>
	</provide>
	<invoke partnerLink="CinemaReservation1">
		<service name="procns:CinemaReservation1" port="ignored" />
	</invoke>
	<invoke partnerLink="CinemaReservation2">
		<service name="procns:CinemaReservation2" port="ignored" />
	</invoke>
	</process>
</deploy>