<?xml version="1.0" encoding="UTF-8"?>
<sy:switchyard xmlns:bean="urn:switchyard-component-bean:config:2.0" xmlns:file="urn:switchyard-component-camel-file:config:2.0" xmlns:jms="urn:switchyard-component-camel-jms:config:2.0" xmlns:resteasy="urn:switchyard-component-resteasy:config:2.0" xmlns:sca="http://docs.oasis-open.org/ns/opencsa/sca/200912" xmlns:soap="urn:switchyard-component-soap:config:2.0" xmlns:sy="urn:switchyard-config:switchyard:2.0" name="Sca_JY4W8X" targetNamespace="urn:soi:Sca_JY4W8X:1.0">
  <sca:composite name="Sca_JY4W8X" targetNamespace="urn:soi:Sca_JY4W8X:1.0">
    <sca:service name="ICinema" promote="CinemaSoap/ICinema">
      <sca:interface.wsdl interface="wsdl/SeatReservation.wsdl#wsdl.porttype(ICinema)"/>
      <soap:binding.soap name="Cinema">
        <soap:contextMapper soapHeadersType="VALUE"/>
        <soap:wsdl>wsdl/SeatReservation.wsdl</soap:wsdl>
        <soap:contextPath>JY4W8X</soap:contextPath>
      </soap:binding.soap>
    </sca:service>
    <sca:component name="CinemaSoap">
      <bean:implementation.bean class="soi.Sca_JY4W8X.soap.definition.Cinema"/>
      <sca:service name="ICinema">
        <sca:interface.java interface="soi.Sca_JY4W8X.soap.description.ICinema"/>
      </sca:service>
      <sca:reference name="RoomFileOutput">
        <sca:interface.java interface="soi.Sca_JY4W8X.file.RoomFileOutput"/>
      </sca:reference>
    </sca:component>
    <sca:component name="SeatOperations">
      <bean:implementation.bean class="soi.Sca_JY4W8X.rest.CinemaRest"/>
      <sca:service name="ICinemaRest">
        <sca:interface.java interface="soi.Sca_JY4W8X.rest.ICinemaRest"/>
      </sca:service>
      <sca:reference name="ICinema">
        <sca:interface.java interface="soi.Sca_JY4W8X.soap.description.ICinema"/>
      </sca:reference>
    </sca:component>
    <sca:service name="ICinemaRest" promote="SeatOperations/ICinemaRest">
      <sca:interface.java interface="soi.Sca_JY4W8X.rest.ICinemaRest"/>
      <resteasy:binding.rest name="ICinemaRest">
        <resteasy:interfaces>soi.Sca_JY4W8X.rest.ICinemaRest</resteasy:interfaces>
        <resteasy:contextPath>JY4W8X/resources</resteasy:contextPath>
      </resteasy:binding.rest>
    </sca:service>
    <sca:component name="SeatOperationsJms">
      <bean:implementation.bean class="soi.Sca_JY4W8X.jms.CinemaJms"/>
      <sca:service name="ICinemaJms">
        <sca:interface.java interface="soi.Sca_JY4W8X.jms.ICinemaJms"/>
      </sca:service>
      <sca:reference name="ICinemaRest">
        <sca:interface.java interface="soi.Sca_JY4W8X.rest.ICinemaRest"/>
      </sca:reference>
    </sca:component>
    <sca:service name="ICinemaJms" promote="SeatOperationsJms/ICinemaJms">
      <sca:interface.java interface="soi.Sca_JY4W8X.jms.ICinemaJms"/>
      <jms:binding.jms name="CinemaJms">
        <sy:operationSelector operationName="reserveOrBuySeats"/>
        <jms:queue>JY4W8X</jms:queue>
        <jms:connectionFactory>java:/ConnectionFactory</jms:connectionFactory>
      </jms:binding.jms>
    </sca:service>
    <sca:component name="CinemaFile">
      <bean:implementation.bean class="soi.Sca_JY4W8X.file.CinemaFile"/>
      <sca:service name="ICinemaFile">
        <sca:interface.java interface="soi.Sca_JY4W8X.file.ICinemaFile"/>
      </sca:service>
      <sca:reference name="CinemaJmsQueue">
        <sca:interface.java interface="soi.Sca_JY4W8X.file.CinemaJmsQueue"/>
      </sca:reference>
    </sca:component>
    <sca:service name="ICinemaFile" promote="CinemaFile/ICinemaFile">
      <sca:interface.java interface="soi.Sca_JY4W8X.file.ICinemaFile"/>
      <file:binding.file name="CinemaFIleBinding">
        <sy:operationSelector operationName="reserveOrBuySeats"/>
        <file:directory>temp</file:directory>
        <file:fileName>JY4W8X_seats.txt</file:fileName>
        <file:consume/>
      </file:binding.file>
    </sca:service>
    <sca:reference name="CinemaJmsQueue" multiplicity="0..1" promote="CinemaFile/CinemaJmsQueue">
      <sca:interface.java interface="soi.Sca_JY4W8X.file.CinemaJmsQueue"/>
      <jms:binding.jms name="CInemaJmsQueue">
        <jms:queue>JY4W8X</jms:queue>
        <jms:connectionFactory>java:/ConnectionFactory</jms:connectionFactory>
      </jms:binding.jms>
    </sca:reference>
    <sca:reference name="RoomFileOutput" multiplicity="0..1" promote="CinemaSoap/RoomFileOutput">
      <sca:interface.java interface="soi.Sca_JY4W8X.file.RoomFileOutput"/>
      <file:binding.file name="RoomStatusToFile">
        <file:directory>temp</file:directory>
        <file:fileName>JY4W8X_room.txt</file:fileName>
        <file:produce/>
      </file:binding.file>
    </sca:reference>
  </sca:composite>
</sy:switchyard>