<?xml version="1.0" encoding="UTF-8"?>
<sy:switchyard xmlns:cinemaAgent="urn:soi:Bpel_JY4W8X:1.0" xmlns:sca="http://docs.oasis-open.org/ns/opencsa/sca/200912" xmlns:soap="urn:switchyard-component-soap:config:2.0" xmlns:sy="urn:switchyard-config:switchyard:2.0" name="Bpel_JY4W8X" targetNamespace="urn:soi:Bpel_JY4W8X:1.0">
  <sca:composite name="Bpel_JY4W8X" targetNamespace="urn:soi:Bpel_JY4W8X:1.0">
    <sca:component name="CinemaAgent">
      <sca:implementation.bpel process="cinemaAgent:CinemaAgent"/>
      <sca:service name="ICinemaAgent">
        <sca:interface.wsdl interface="CinemaAgent.wsdl#wsdl.porttype(ICinemaAgent)"/>
      </sca:service>
      <sca:reference name="CinemaReservation1">
        <sca:interface.wsdl interface="CinemaReservation.wsdl#wsdl.porttype(ICinemaReservation)"/>
      </sca:reference>
      <sca:reference name="CinemaReservation2">
        <sca:interface.wsdl interface="CinemaReservation.wsdl#wsdl.porttype(ICinemaReservation)"/>
      </sca:reference>
    </sca:component>
    <sca:service name="ICinemaAgent" promote="CinemaAgent/ICinemaAgent">
      <sca:interface.wsdl interface="CinemaAgent.wsdl#wsdl.porttype(ICinemaAgent)"/>
      <soap:binding.soap name="soap1">
        <soap:contextMapper soapHeadersType="VALUE"/>
        <soap:wsdl>CinemaAgent.wsdl</soap:wsdl>
        <soap:contextPath>JY4W8X</soap:contextPath>
      </soap:binding.soap>
    </sca:service>
    <sca:reference name="CinemaReservation1" multiplicity="0..1" promote="CinemaAgent/CinemaReservation1">
      <sca:interface.wsdl interface="CinemaReservation.wsdl#wsdl.porttype(ICinemaReservation)"/>
      <soap:binding.soap name="CinemaReservation1">
        <soap:contextMapper soapHeadersType="VALUE"/>
        <soap:wsdl>CinemaReservation.wsdl</soap:wsdl>
        <soap:endpointAddress>http://localhost:5001/CinemaReservation</soap:endpointAddress>
      </soap:binding.soap>
    </sca:reference>
    <sca:reference name="CinemaReservation2" multiplicity="0..1" promote="CinemaAgent/CinemaReservation2">
      <sca:interface.wsdl interface="CinemaReservation.wsdl#wsdl.porttype(ICinemaReservation)"/>
      <soap:binding.soap name="CinemaReservation2">
        <soap:contextMapper soapHeadersType="VALUE"/>
        <soap:wsdl>CinemaReservation.wsdl</soap:wsdl>
        <soap:endpointAddress>http://localhost:5002/CinemaReservation</soap:endpointAddress>
      </soap:binding.soap>
    </sca:reference>
  </sca:composite>
</sy:switchyard>